<?xml version="1.0" encoding="UTF-8" standalone="no"?>
<!DOCTYPE Plugin PUBLIC "sailpoint.dtd" "sailpoint.dtd">
<Plugin displayName="Admin Dashboard" minSystemVersion="7.3" name="adminDashboard" rightRequired="adminDashboardRight" version="1.0.6">
                              
    
    
    
    
    
    
    <Attributes>
                                                            
        
        
        
        
        
        
        <Map>
                                                                                          
            
            
            
            
            
            
            <entry key="minUpgradableVersion" value="1.0"/>
                                                                                          
            
            
            
            
            
            
            <entry key="fullPage">
                                                                                                                        
                
                
                
                
                
                
                <value>
                                                                                                                                                      
                    
                    
                    
                    
                    
                    
                    <FullPage title="Admin Dashboard"/>
                                                                                                                                                    
                
                
                
                
                
                
                </value>
                                                                                                                      
            
            
            
            
            
            
            </entry>
                                                                                          
            
            
            
            
            
            
            <entry key="restResources">
                                                                                                                        
                
                
                
                
                
                
                <value>
                                                                                                                                                      
                    
                    
                    
                    
                    
                    
                    <List>
                                                                                                                                                                                    
                        
                        
                        
                        
                        
                        
                        <String>sailpoint.plugin.admindashboard.rest.DashboardResource</String>
                                                                                                                                                                                  
                    
                    
                    
                    
                    
                    
                    </List>
                                                                                                                                                    
                
                
                
                
                
                
                </value>
                                                                                                                      
            
            
            
            
            
            
            </entry>
                                                                                        
        
        
        
        
        
        
        </Map>
                                                          
    
    
    
    
    
    
    </Attributes>
                            






</Plugin>
